<ImportExportXml version="9.2.22041.142" SolutionPackageVersion="9.2" languagecode="1033" generatedBy="CrmLive" xmlns:xsi="http://www.w3.org/2001/XMLSchema-instance">
  <SolutionManifest>
    <UniqueName>GovernmentofCanada</UniqueName>
    <LocalizedNames>
      <LocalizedName description="Government of Canada" languagecode="1033" />
    </LocalizedNames>
    <Descriptions />
    <Version>1.0.0.0</Version>
    <Managed>1</Managed>
    <Publisher>
      <UniqueName>DefaultPublishergocthemedev</UniqueName>
      <LocalizedNames>
        <LocalizedName description="Default Publisher for goc-theme-dev" languagecode="1033" />
      </LocalizedNames>
      <Descriptions>
        <Description description="Default publisher for this organization" languagecode="1033" />
      </Descriptions>
      <EMailAddress xsi:nil="true"></EMailAddress>
      <SupportingWebsiteUrl xsi:nil="true"></SupportingWebsiteUrl>
      <CustomizationPrefix>cs</CustomizationPrefix>
      <CustomizationOptionValuePrefix>10000</CustomizationOptionValuePrefix>
      <Addresses>
        <Address>
          <AddressNumber>1</AddressNumber>
          <AddressTypeCode xsi:nil="true"></AddressTypeCode>
          <City xsi:nil="true"></City>
          <County xsi:nil="true"></County>
          <Country xsi:nil="true"></Country>
          <Fax xsi:nil="true"></Fax>
          <FreightTermsCode xsi:nil="true"></FreightTermsCode>
          <ImportSequenceNumber xsi:nil="true"></ImportSequenceNumber>
          <Latitude xsi:nil="true"></Latitude>
          <Line1 xsi:nil="true"></Line1>
          <Line2 xsi:nil="true"></Line2>
          <Line3 xsi:nil="true"></Line3>
          <Longitude xsi:nil="true"></Longitude>
          <Name xsi:nil="true"></Name>
          <PostalCode xsi:nil="true"></PostalCode>
          <PostOfficeBox xsi:nil="true"></PostOfficeBox>
          <PrimaryContactName xsi:nil="true"></PrimaryContactName>
          <ShippingMethodCode xsi:nil="true"></ShippingMethodCode>
          <StateOrProvince xsi:nil="true"></StateOrProvince>
          <Telephone1 xsi:nil="true"></Telephone1>
          <Telephone2 xsi:nil="true"></Telephone2>
          <Telephone3 xsi:nil="true"></Telephone3>
          <TimeZoneRuleVersionNumber xsi:nil="true"></TimeZoneRuleVersionNumber>
          <UPSZone xsi:nil="true"></UPSZone>
          <UTCOffset xsi:nil="true"></UTCOffset>
          <UTCConversionTimeZoneCode xsi:nil="true"></UTCConversionTimeZoneCode>
        </Address>
        <Address>
          <AddressNumber>2</AddressNumber>
          <AddressTypeCode xsi:nil="true"></AddressTypeCode>
          <City xsi:nil="true"></City>
          <County xsi:nil="true"></County>
          <Country xsi:nil="true"></Country>
          <Fax xsi:nil="true"></Fax>
          <FreightTermsCode xsi:nil="true"></FreightTermsCode>
          <ImportSequenceNumber xsi:nil="true"></ImportSequenceNumber>
          <Latitude xsi:nil="true"></Latitude>
          <Line1 xsi:nil="true"></Line1>
          <Line2 xsi:nil="true"></Line2>
          <Line3 xsi:nil="true"></Line3>
          <Longitude xsi:nil="true"></Longitude>
          <Name xsi:nil="true"></Name>
          <PostalCode xsi:nil="true"></PostalCode>
          <PostOfficeBox xsi:nil="true"></PostOfficeBox>
          <PrimaryContactName xsi:nil="true"></PrimaryContactName>
          <ShippingMethodCode xsi:nil="true"></ShippingMethodCode>
          <StateOrProvince xsi:nil="true"></StateOrProvince>
          <Telephone1 xsi:nil="true"></Telephone1>
          <Telephone2 xsi:nil="true"></Telephone2>
          <Telephone3 xsi:nil="true"></Telephone3>
          <TimeZoneRuleVersionNumber xsi:nil="true"></TimeZoneRuleVersionNumber>
          <UPSZone xsi:nil="true"></UPSZone>
          <UTCOffset xsi:nil="true"></UTCOffset>
          <UTCConversionTimeZoneCode xsi:nil="true"></UTCConversionTimeZoneCode>
        </Address>
      </Addresses>
    </Publisher>
    <RootComponents>
      <RootComponent type="1" schemaName="account" behavior="1" />
      <RootComponent type="1" schemaName="contact" behavior="2" />
      <RootComponent type="1" schemaName="cs_documentupload" behavior="0" />
      <RootComponent type="9" schemaName="cs_documenttype" behavior="0" />
      <RootComponent type="29" id="{cbca00b2-7bbf-ec11-983e-000d3a09c40e}" behavior="0" />
    </RootComponents>
    <MissingDependencies>
      <MissingDependency>
        <Required type="2" schemaName="adx_identity_logonenabled" displayName="Login Enabled" parentSchemaName="contact" parentDisplayName="Contact" solution="MicrosoftIdentity (9.3.2201.2)">
          <package>CDSBasePortal (9.3.2201.22)</package>
        </Required>
        <Dependent type="29" displayName="Portal User - Self-Registration" id="{cbca00b2-7bbf-ec11-983e-000d3a09c40e}" />
      </MissingDependency>
      <MissingDependency>
        <Required type="2" schemaName="adx_identity_username" displayName="User Name" parentSchemaName="contact" parentDisplayName="Contact" solution="MicrosoftIdentity (9.3.2201.2)">
          <package>CDSBasePortal (9.3.2201.22)</package>
        </Required>
        <Dependent type="29" displayName="Portal User - Self-Registration" id="{cbca00b2-7bbf-ec11-983e-000d3a09c40e}" />
      </MissingDependency>
      <MissingDependency>
        <Required type="2" schemaName="adx_profilelastactivity" displayName="Profile Last Activity" parentSchemaName="contact" parentDisplayName="Contact" solution="MicrosoftPortalBase (9.3.2201.4)">
          <package>CDSBasePortal (9.3.2201.22)</package>
        </Required>
        <Dependent type="29" displayName="Portal User - Self-Registration" id="{cbca00b2-7bbf-ec11-983e-000d3a09c40e}" />
      </MissingDependency>
      <MissingDependency>
        <Required type="2" schemaName="adx_profilemodifiedon" displayName="Profile Modified On" parentSchemaName="contact" parentDisplayName="Contact" solution="MicrosoftPortalBase (9.3.2201.4)">
          <package>CDSBasePortal (9.3.2201.22)</package>
        </Required>
        <Dependent type="29" displayName="Portal User - Self-Registration" id="{cbca00b2-7bbf-ec11-983e-000d3a09c40e}" />
      </MissingDependency>
      <MissingDependency>
        <Required type="2" schemaName="originatingleadid" displayName="Originating Lead" parentSchemaName="contact" parentDisplayName="Contact" solution="msdynce_LeadManagement (9.0.4.0066)">
          <package>msdynce_LeadManagementAnchor (9.0.22032.10001)</package>
        </Required>
        <Dependent type="60" displayName="Portal - Profile Form" parentDisplayName="Contact" id="{140f5f26-ee3f-4fbd-8b39-39ce1bee8efd}" />
      </MissingDependency>
      <MissingDependency>
        <Required type="2" schemaName="originatingleadid" displayName="Originating Lead" parentSchemaName="contact" parentDisplayName="Contact" solution="msdynce_LeadManagement (9.0.4.0066)">
          <package>msdynce_LeadManagementAnchor (9.0.22032.10001)</package>
        </Required>
        <Dependent type="60" displayName="Contact" parentDisplayName="Contact" id="{1fed44d1-ae68-4a41-bd2b-f13acac4acfa}" />
      </MissingDependency>
      <MissingDependency>
        <Required type="60" displayName="Contact" parentDisplayName="Contact" solution="msdynce_AppCommon (9.0.4.0066)" id="{1fed44d1-ae68-4a41-bd2b-f13acac4acfa}">
          <package>msdynce_AppCommonAnchor (9.0.22034.10001)</package>
        </Required>
        <Dependent type="60" displayName="Contact" parentDisplayName="Contact" id="{1fed44d1-ae68-4a41-bd2b-f13acac4acfa}" />
      </MissingDependency>
      <MissingDependency>
        <Required type="61" schemaName="AppCommon/Contact/Contact_main_system_library.js" displayName="AppCommon/Contact/Contact_main_system_library.js" solution="msdynce_AppCommon (9.0.4.0066)">
          <package>msdynce_AppCommonAnchor (9.0.22034.10001)</package>
        </Required>
        <Dependent type="60" displayName="Portal - Profile Form" parentDisplayName="Contact" id="{140f5f26-ee3f-4fbd-8b39-39ce1bee8efd}" />
      </MissingDependency>
      <MissingDependency>
        <Required type="61" schemaName="msdyn_talkingpointsloader.js" displayName="msdyn_talkingpointsloader.js" solution="msdynce_Talkingpoints (9.0.1.701835)">
          <package>msdynce_SalesInsightsAnchor (9.0.22034.10021)</package>
        </Required>
        <Dependent type="60" displayName="Portal - Profile Form" parentDisplayName="Contact" id="{140f5f26-ee3f-4fbd-8b39-39ce1bee8efd}" />
      </MissingDependency>
      <MissingDependency>
        <Required type="61" schemaName="msdyn_talkingpointsloader.js" displayName="msdyn_talkingpointsloader.js" solution="msdynce_Talkingpoints (9.0.1.701835)">
          <package>msdynce_SalesInsightsAnchor (9.0.22034.10021)</package>
        </Required>
        <Dependent type="60" displayName="Contact" parentDisplayName="Contact" id="{1fed44d1-ae68-4a41-bd2b-f13acac4acfa}" />
      </MissingDependency>
      <MissingDependency>
        <Required type="61" schemaName="Sales/ClientCommon/Sales_ClientCommon.js" displayName="Sales/ClientCommon/Sales_ClientCommon.js" solution="msdynce_Sales (9.0.4.0076)">
          <package>msdynce_SalesAnchor (9.0.22034.10001)</package>
        </Required>
        <Dependent type="60" displayName="Portal - Profile Form" parentDisplayName="Contact" id="{140f5f26-ee3f-4fbd-8b39-39ce1bee8efd}" />
      </MissingDependency>
      <MissingDependency>
        <Required type="61" schemaName="Sales/Contact/Contact_main_system_library.js" displayName="Sales/Contact/Contact_main_system_library.js" solution="msdynce_SalesPatch201904 (9.0.1912.1007)">
          <package>msdynce_SalesAnchor (9.0.22034.10001)</package>
        </Required>
        <Dependent type="60" displayName="Portal - Profile Form" parentDisplayName="Contact" id="{140f5f26-ee3f-4fbd-8b39-39ce1bee8efd}" />
      </MissingDependency>
      <MissingDependency>
        <Required type="66" schemaName="MscrmControls.CardFeedContainer.CardFeedContainer" displayName="MscrmControls.CardFeedContainer.CardFeedContainer" solution="BaseCustomControlsCore (9.0.2203.4013)" />
        <Dependent type="60" displayName="Portal - Profile Form" parentDisplayName="Contact" id="{140f5f26-ee3f-4fbd-8b39-39ce1bee8efd}" />
      </MissingDependency>
      <MissingDependency>
        <Required type="66" schemaName="MscrmControls.CardFeedContainer.CardFeedContainer" displayName="MscrmControls.CardFeedContainer.CardFeedContainer" solution="BaseCustomControlsCore (9.0.2203.4013)" />
        <Dependent type="60" displayName="Contact" parentDisplayName="Contact" id="{1fed44d1-ae68-4a41-bd2b-f13acac4acfa}" />
      </MissingDependency>
      <MissingDependency>
        <Required type="66" schemaName="MscrmControls.TalkingPointsControl.TalkingPoints" displayName="MscrmControls.TalkingPointsControl.TalkingPoints" solution="msdynce_Talkingpoints (9.0.1.701835)">
          <package>msdynce_SalesInsightsAnchor (9.0.22034.10021)</package>
        </Required>
        <Dependent type="60" displayName="Portal - Profile Form" parentDisplayName="Contact" id="{140f5f26-ee3f-4fbd-8b39-39ce1bee8efd}" />
      </MissingDependency>
      <MissingDependency>
        <Required type="66" schemaName="MscrmControls.TalkingPointsControl.TalkingPoints" displayName="MscrmControls.TalkingPointsControl.TalkingPoints" solution="msdynce_Talkingpoints (9.0.1.701835)">
          <package>msdynce_SalesInsightsAnchor (9.0.22034.10021)</package>
        </Required>
        <Dependent type="60" displayName="Contact" parentDisplayName="Contact" id="{1fed44d1-ae68-4a41-bd2b-f13acac4acfa}" />
      </MissingDependency>
    </MissingDependencies>
  </SolutionManifest>
</ImportExportXml>