<ImportExportXml version="9.2.20122.144" SolutionPackageVersion="9.2" languagecode="3082" generatedBy="CrmLive" xmlns:xsi="http://www.w3.org/2001/XMLSchema-instance">
  <SolutionManifest>
    <UniqueName>Dynamics365WorkflowTools</UniqueName>
    <LocalizedNames>
      <LocalizedName description="Dynamics 365 Workflow Tools" languagecode="3082" />
    </LocalizedNames>
    <Descriptions>
      <Description description="This Version includes these Tools:&#xA;1) Force Calculate Rollup Field&#xA;2) Apply Routing Rules&#xA;3) Query Values Step&#xA;4) Share Record With Team&#xA;5) Share Record With User&#xA;6) Unshare Record With Team&#xA;7) Unshare Record With User&#xA;8) Check User is in Role&#xA;9) Check User is in Team&#xA;10) Add To Marketing List&#xA;11) Remove From Marketing List&#xA;12) Clone Children&#xA;13) Clone Record&#xA;14) Set Process&#xA;15) Rollup Functions&#xA;16) Entity Attachment To Email&#xA;17) Pick From Queue&#xA;18) Queue Item Count&#xA;19) Add Role To User &#xA;20) Add Role To Team&#xA;21) Remove Role From User&#xA;22) Remove Role From Team&#xA;23) Set User Settings&#xA;24) String Functions&#xA;25) Delete Record&#xA;26) Entity To Json Serializer&#xA;27) Qualify Lead&#xA;28) Add Marketing List To Campaign&#xA;29) Copy Marketing List Members&#xA;30) Copy To Static List&#xA;31) Is Member Of Marketing List&#xA;32) Remove From All Marketing Lists&#xA;33) Numeric Functions&#xA;34) Email To Team&#xA;35) Set Process Stage&#xA;36) Entity Mobile Deep Link&#xA;37) Send Email&#xA;38) Geocode Address&#xA;39) Add User To Team&#xA;40) Remove User From Team&#xA;41) Associate Entity&#xA;42) Goal Recalculate&#xA;43) Get Initiaing User&#xA;44) Encrypt Text&#xA;45) Check Associate Entity&#xA;46) Set State&#xA;47) Update Child Records&#xA;48) Disassociate Entity&#xA;49) Insert Option Value&#xA;50) Delete Option Value&#xA;51) Sales Literature To Email&#xA;52) Send Email From Template To Users In Role&#xA;53) Send Email To Users In Role&#xA;54) Calculate Price&#xA;55) Execute workflow By ID&#xA;56) JSON Parser&#xA;57) Date Functions&#xA;58) Calculate Agregate Date&#xA;59) OrgDBSettings Update&#xA;60) OrgDBSettings Retrieve&#xA;61) Translate Text&#xA;62) Currency Convert&#xA;63) Get Record ID&#xA;64) Retrieve User's BU Default Team&#xA;65) Get App Module ID &#xA;66) Get App Record Url &#xA;67) Is Member Of Team &#xA;68) Count Child Entity Record&#xA;69) Get Multi Select OptionSet&#xA;70) Map Multi Select OptionSet&#xA;71) Set Multi Select Option Set&#xA;72) Delete Record Audit History&#xA;73) Concatenate From Query&#xA;74) Get Sharepoint Location URL&#xA;75) Create Team&#xA;76) Get Option Set Value&#xA;77) Share Secured Field&#xA;78) Set Lookup Field from Record URL&#xA;79) Resolve Case" languagecode="3082" />
    </Descriptions>
    <Version>1.0.61.1</Version>
    <Managed>0</Managed>
    <Publisher>
      <UniqueName>demianadolforaschkovanmvp</UniqueName>
      <LocalizedNames>
        <LocalizedName description="Demian Adolfo Raschkovan (MVP)" languagecode="3082" />
      </LocalizedNames>
      <Descriptions />
      <EMailAddress xsi:nil="true"></EMailAddress>
      <SupportingWebsiteUrl>http://www.demianrasko.com</SupportingWebsiteUrl>
      <CustomizationPrefix>new</CustomizationPrefix>
      <CustomizationOptionValuePrefix>10000</CustomizationOptionValuePrefix>
      <Addresses>
        <Address>
          <AddressNumber>1</AddressNumber>
          <AddressTypeCode>1</AddressTypeCode>
          <City>Madrid</City>
          <County xsi:nil="true"></County>
          <Country xsi:nil="true"></Country>
          <Fax xsi:nil="true"></Fax>
          <FreightTermsCode xsi:nil="true"></FreightTermsCode>
          <ImportSequenceNumber xsi:nil="true"></ImportSequenceNumber>
          <Latitude xsi:nil="true"></Latitude>
          <Line1 xsi:nil="true"></Line1>
          <Line2 xsi:nil="true"></Line2>
          <Line3 xsi:nil="true"></Line3>
          <Longitude xsi:nil="true"></Longitude>
          <Name xsi:nil="true"></Name>
          <PostalCode xsi:nil="true"></PostalCode>
          <PostOfficeBox xsi:nil="true"></PostOfficeBox>
          <PrimaryContactName xsi:nil="true"></PrimaryContactName>
          <ShippingMethodCode>1</ShippingMethodCode>
          <StateOrProvince xsi:nil="true"></StateOrProvince>
          <Telephone1 xsi:nil="true"></Telephone1>
          <Telephone2 xsi:nil="true"></Telephone2>
          <Telephone3 xsi:nil="true"></Telephone3>
          <TimeZoneRuleVersionNumber xsi:nil="true"></TimeZoneRuleVersionNumber>
          <UPSZone xsi:nil="true"></UPSZone>
          <UTCOffset xsi:nil="true"></UTCOffset>
          <UTCConversionTimeZoneCode xsi:nil="true"></UTCConversionTimeZoneCode>
        </Address>
        <Address>
          <AddressNumber>2</AddressNumber>
          <AddressTypeCode>1</AddressTypeCode>
          <City xsi:nil="true"></City>
          <County xsi:nil="true"></County>
          <Country xsi:nil="true"></Country>
          <Fax xsi:nil="true"></Fax>
          <FreightTermsCode xsi:nil="true"></FreightTermsCode>
          <ImportSequenceNumber xsi:nil="true"></ImportSequenceNumber>
          <Latitude xsi:nil="true"></Latitude>
          <Line1 xsi:nil="true"></Line1>
          <Line2 xsi:nil="true"></Line2>
          <Line3 xsi:nil="true"></Line3>
          <Longitude xsi:nil="true"></Longitude>
          <Name xsi:nil="true"></Name>
          <PostalCode xsi:nil="true"></PostalCode>
          <PostOfficeBox xsi:nil="true"></PostOfficeBox>
          <PrimaryContactName xsi:nil="true"></PrimaryContactName>
          <ShippingMethodCode>1</ShippingMethodCode>
          <StateOrProvince xsi:nil="true"></StateOrProvince>
          <Telephone1 xsi:nil="true"></Telephone1>
          <Telephone2 xsi:nil="true"></Telephone2>
          <Telephone3 xsi:nil="true"></Telephone3>
          <TimeZoneRuleVersionNumber xsi:nil="true"></TimeZoneRuleVersionNumber>
          <UPSZone xsi:nil="true"></UPSZone>
          <UTCOffset xsi:nil="true"></UTCOffset>
          <UTCConversionTimeZoneCode xsi:nil="true"></UTCConversionTimeZoneCode>
        </Address>
      </Addresses>
    </Publisher>
    <RootComponents>
      <RootComponent type="91" id="{d0c76739-4e9b-42ab-9c29-85ae3b0b8546}" schemaName="msdyncrmWorkflowTools, Version=1.0.61.1, Culture=neutral, PublicKeyToken=416e876b9bee261e" behavior="0" />
    </RootComponents>
    <MissingDependencies />
  </SolutionManifest>
</ImportExportXml>